Item Name,Quantity,Value,Price_per_Unit,Cluster,Date,Month,Year
Dabistar 110 Mg,83000,4888700,58.9,1,2024-04-27,April,2024
Omeprazole EC Pellets 11%,4000,3360000,840.0,1,2024-04-30,April,2024
Itraconazole Pellets 40%,750,3337500,4450.0,1,2024-05-07,May,2024
Itraconazole Pellets 22%,750,1987500,2650.0,0,2024-05-08,May,2024
Tenefit 20 Mg,16170,1975974,122.2,0,2024-05-10,May,2024
Itrafix 200mg,62000,1929440,31.12,0,2024-05-15,May,2024
Pantoprazole E/C Pellets 21.62%,1000,1900000,1900.0,0,2024-05-18,May,2024
PRE ESO-40 Mg,666600,1066560,1.6,2,2024-06-01,June,2024
Rabezole,34000,850000,25.0,2,2024-06-05,June,2024
Azithromycin 500mg,21000,720000,34.285714285714285,2,2024-06-10,June,2024
